name,street_address,city,county,province,state,postal_code,country,email,phone,cell_phone,gender,dob
Jerry Keller,0487 Hull Village Suite 759,New Donald,N/A,N/A,Florida,99565,United States,gomezleslie@hotmail.com,387.878.4080,7949892411,M,1953-03-29
Allen Williams,141 Hodges Mountains,Kramerville,N/A,N/A,New York,04216,United States,johnsonamber@yahoo.com,+1-636-208-3778x35337,769-207-4391,M,1953-10-24
Chad Adams,15244 Catherine Prairie,South Danielle,N/A,N/A,Washington,67225,United States,hsnow@gmail.com,+1-723-430-2522,787-884-0057,M,1994-11-10
Gary Ibarra,825 Garrett Circles,Port Taylorside,N/A,N/A,Iowa,25633,United States,mooresusan@gmail.com,204-479-6669x7251,(878)287-6232,M,1977-04-06
Andrew Terry,1672 Carl Locks,Laurenton,N/A,N/A,Iowa,68702,United States,kylesims@hotmail.com,(619)256-8323x741,(654)521-4304,M,1980-05-06
Richard Richardson,580 Parsons Gateway Apt. 215,Oneillfurt,N/A,N/A,Ohio,13866,United States,amartinez@gmail.com,432.524.5383,(330)436-4262,M,1961-01-26
Steve West,4002 Sheppard Street,Luistown,N/A,N/A,Louisiana,64574,United States,veronica56@yahoo.com,213.741.0935x738,3688813984,M,2001-09-03
Theresa Wells,60181 Aguilar Parkways Apt. 016,Jonesland,N/A,N/A,Oklahoma,56143,United States,hawkinsdean@yahoo.com,(581)794-8219,2915390996,F,1995-03-20
Andrew Scott,6230 Derrick Valleys,South Darlene,N/A,N/A,New Jersey,64385,United States,ywells@hotmail.com,741-516-9610,267-693-6173,M,1950-04-04
David Carr,542 Michelle Avenue Suite 879,West Angelaton,N/A,N/A,Washington,50179,United States,ellisonjamie@gmail.com,001-861-943-6450x3060,3768223012,M,1964-06-27
